id,first_name,last_name,email,gender,transaction_id,product,date,amount,payment_method
1,Humfrey,Errington,herrington0@newyorker.com,Male,1,Nectarines,3/2/2024,1,mastercard
2,Sileas,Issakov,sissakov1@admin.ch,Female,2,Cheese - Asiago,9/7/2024,2,mastercard
3,Aleksandr,Dupoy,adupoy2@shinystat.com,Male,3,"Orange - Canned, Mandarin",3/29/2024,3,bankcard
4,Romona,Feechum,rfeechum3@myspace.com,Female,4,Chocolate - Liqueur Cups With Foil,8/25/2024,4,americanexpress
5,Bess,Lamswood,blamswood4@de.vu,Female,5,Sterno - Chafing Dish Fuel,1/16/2024,5,visa
6,Niel,McKague,nmckague5@biglobe.ne.jp,Male,6,Figs,3/8/2024,6,americanexpress
7,Kipper,Halksworth,khalksworth6@foxnews.com,Male,7,Corn - Mini,6/22/2024,7,americanexpress
8,Rois,Littlewood,rlittlewood7@ucsd.edu,Female,8,"Cheese - Boursin, Garlic / Herbs",1/8/2024,8,mastercard
9,Arielle,O'Farris,aofarris8@prweb.com,Female,9,Cookie Choc,3/31/2024,9,visa
10,Bond,Stokes,bstokes9@goo.ne.jp,Genderfluid,10,"Shrimp, Dried, Small / Lb",3/22/2024,10,maestro
11,Elspeth,Ackred,eackreda@cdc.gov,Bigender,11,Ketchup - Tomato,10/15/2024,11,bankcard
12,Bessy,Bowshire,bbowshireb@symantec.com,Female,12,Lettuce - Romaine,2/7/2024,12,mastercard
13,Roby,Ronisch,rronischc@scientificamerican.com,Female,13,Rye Special Old,3/9/2024,13,americanexpress
14,Daffy,Wharf,dwharfd@discovery.com,Female,14,Cake - Lemon Chiffon,4/7/2024,14,americanexpress
15,Daisi,Brazear,dbrazeare@quantcast.com,Female,15,Chicken - Base,10/27/2024,15,americanexpress
16,Griffin,Obey,gobeyf@nytimes.com,Male,16,Garlic - Elephant,11/27/2023,16,americanexpress
17,Dorella,Lindenbluth,dlindenbluthg@theatlantic.com,Female,17,Table Cloth 72x144 White,5/13/2024,17,mastercard
18,Christyna,Ludye,cludyeh@moonfruit.com,Female,18,Greens Mustard,1/18/2024,18,bankcard
19,Davidson,Fetter,dfetteri@mac.com,Male,19,Chips Potato Salt Vinegar 43g,5/7/2024,19,maestro
20,Percival,Hars,pharsj@businesswire.com,Male,20,Beef - Cow Feet Split,11/24/2023,20,visa
21,Quintin,Cargill,qcargillk@biglobe.ne.jp,Male,21,Graham Cracker Mix,3/8/2024,21,visa
22,Rey,Elt,reltl@dmoz.org,Male,22,Cotton Wet Mop 16 Oz,2/7/2024,22,visa
23,Krysta,Kynaston,kkynastonm@jalbum.net,Female,23,Sugar Thermometer,8/16/2024,23,visa
24,Kalila,Gon,kgonn@booking.com,Female,24,Energy Drink,6/13/2024,24,visa
25,Jemie,MacPeice,jmacpeiceo@a8.net,Female,25,Carbonated Water - Raspberry,10/2/2024,25,bankcard
26,Lanette,Orteaux,lorteauxp@tinyurl.com,Female,26,"Wine - Red, Cooking",9/6/2024,26,visa
27,Giselle,Sayburn,gsayburnq@wix.com,Female,27,Tuna - Loin,1/31/2024,27,mastercard
28,Farly,Nelane,fnelaner@fda.gov,Male,28,Chocolate - Sugar Free Semi Choc,9/19/2024,28,americanexpress
29,Ebba,Ciccottini,eciccottinis@tmall.com,Genderqueer,29,Chicken - White Meat With Tender,10/26/2024,29,maestro
30,Callie,Brakespear,cbrakespeart@ow.ly,Female,30,Muffin Chocolate Individual Wrap,9/6/2024,30,mastercard
31,Henrie,MattiCCI,hmatticciu@yellowpages.com,Female,31,Wine - Jafflin Bourgongone,12/14/2023,31,maestro
32,Bengt,Galle,bgallev@arizona.edu,Male,32,Crackers - Melba Toast,11/7/2024,32,mastercard
33,Kelly,Keaysell,kkeaysellw@pbs.org,Male,33,Cookie Dough - Peanut Butter,3/18/2024,33,maestro
34,Courtnay,Iveans,civeansx@tuttocitta.it,Female,34,Milk - Skim,1/10/2024,34,mastercard
35,Teodoor,McIlvenny,tmcilvennyy@opensource.org,Male,35,Soup - Campbells Pasta Fagioli,5/9/2024,35,bankcard
36,Rhonda,Ellins,rellinsz@behance.net,Female,36,"Lid - 10,12,16 Oz",6/3/2024,36,maestro
37,Filippo,McLelland,fmclelland10@360.cn,Male,37,"Noodles - Cellophane, Thin",10/22/2024,37,bankcard
38,Zackariah,Noseworthy,znoseworthy11@sciencedaily.com,Male,38,Table Cloth 120 Round White,11/5/2024,38,maestro
39,Quill,Ledner,qledner12@cdbaby.com,Male,39,Sauce - Rosee,5/13/2024,39,maestro
40,Ashia,Savoury,asavoury13@seattletimes.com,Female,40,Chocolate - White,3/15/2024,40,visa
41,Cherye,Toolin,ctoolin14@stumbleupon.com,Non-binary,41,Venison - Denver Leg Boneless,12/30/2023,41,bankcard
42,Lauren,Darrigoe,ldarrigoe15@goodreads.com,Male,42,"Soup - Knorr, Chicken Gumbo",7/24/2024,42,americanexpress
43,Tanner,Tomczykowski,ttomczykowski16@liveinternet.ru,Male,43,Asparagus - Mexican,9/27/2024,43,visa
44,Amble,Vickers,avickers17@twitpic.com,Male,44,Cookies - Englishbay Chochip,2/19/2024,44,visa
45,Pablo,Blandamere,pblandamere18@senate.gov,Male,45,Milk - Condensed,1/20/2024,45,visa
46,Waylan,Roake,wroake19@bloomberg.com,Male,46,Pepper - Green,10/26/2024,46,mastercard
47,Lorry,Ailward,lailward1a@netlog.com,Male,47,Lettuce - Lambs Mash,6/18/2024,47,americanexpress
48,Yurik,Le Fevre,ylefevre1b@sun.com,Male,48,Pastry - Chocolate Chip Muffin,10/19/2024,48,bankcard
49,Derry,Skidmore,dskidmore1c@arstechnica.com,Non-binary,49,Filling - Mince Meat,8/25/2024,49,maestro
50,Lucius,Cozens,lcozens1d@zdnet.com,Male,50,Liquid Aminios Acid - Braggs,12/21/2023,50,bankcard
51,Cheryl,Zylberdik,czylberdik1e@ameblo.jp,Female,51,"Pork - Loin, Center Cut",2/27/2024,51,americanexpress
52,Edouard,Dubery,edubery1f@4shared.com,Male,52,Tomato - Plum With Basil,9/1/2024,52,maestro
53,Diana,Hassall,dhassall1g@icq.com,Female,53,Watercress,2/9/2024,53,visa
54,Lilias,Jeschner,ljeschner1h@hexun.com,Bigender,54,Bonito Flakes - Toku Katsuo,2/24/2024,54,americanexpress
55,Cori,Tooth,ctooth1i@pen.io,Female,55,"Artichoke - Bottom, Canned",3/14/2024,55,bankcard
56,Garrard,Turl,gturl1j@sohu.com,Male,56,"Coconut - Creamed, Pure",9/24/2024,56,bankcard
57,Stanford,Yankin,syankin1k@diigo.com,Genderfluid,57,Bread - Calabrese Baguette,7/19/2024,57,americanexpress
58,Cati,Headington,cheadington1l@slashdot.org,Polygender,58,Hot Chocolate - Individual,6/25/2024,58,visa
59,Doralia,Librey,dlibrey1m@taobao.com,Female,59,Soap - Hand Soap,4/14/2024,59,visa
60,Byron,Climo,bclimo1n@mashable.com,Male,60,Glucose,8/21/2024,60,mastercard
61,Towney,McHarry,tmcharry1o@ameblo.jp,Male,61,Cookie Dough - Double,2/25/2024,61,mastercard
62,Lorens,Faich,lfaich1p@nifty.com,Male,62,Broom - Angled,5/23/2024,62,visa
63,Knox,Cristofolo,kcristofolo1q@cyberchimps.com,Male,63,Pomello,9/2/2024,63,visa
64,Shawn,Champagne,schampagne1r@whitehouse.gov,Polygender,64,Bread - Granary Small Pull,11/7/2024,64,mastercard
65,Barclay,Parmer,bparmer1s@ed.gov,Male,65,"Lemonade - Kiwi, 591 Ml",8/8/2024,65,maestro
66,Cesaro,Siehard,csiehard1t@elegantthemes.com,Male,66,Taro Root,4/1/2024,66,americanexpress
67,Julissa,Arnison,jarnison1u@dot.gov,Female,67,"Soup - Beef Conomme, Dry",9/13/2024,67,maestro
68,Yorker,Skillitt,yskillitt1v@mayoclinic.com,Male,68,Ecolab - Hobart Washarm End Cap,6/5/2024,68,bankcard
69,Alexandre,Whitsey,awhitsey1w@msn.com,Male,69,"Oil - Truffle, White",9/17/2024,69,maestro
70,Abagail,Struther,astruther1x@wsj.com,Female,70,Cream - 18%,11/28/2023,70,maestro
71,Douglass,Alabone,dalabone1y@cbc.ca,Male,71,Soup - Campbells Beef Noodle,1/29/2024,71,maestro
72,Dale,Hulmes,dhulmes1z@flavors.me,Female,72,Cheese - Pont Couvert,2/14/2024,72,americanexpress
73,Kale,Lount,klount20@ft.com,Male,73,"Flour - Bran, Red",2/2/2024,73,visa
74,Calhoun,McCombe,cmccombe21@sogou.com,Male,74,Peas - Frozen,10/6/2024,74,bankcard
75,Wendy,Kingsford,wkingsford22@phoca.cz,Female,75,Pie Box - Cello Window 2.5,11/24/2023,75,visa
76,Gaylor,Scanlon,gscanlon23@marketwatch.com,Male,76,Skirt - 29 Foot,5/5/2024,76,maestro
77,Janka,Spaule,jspaule24@spiegel.de,Female,77,Puree - Raspberry,5/20/2024,77,mastercard
78,Danielle,Strangman,dstrangman25@psu.edu,Female,78,"Doilies - 5, Paper",5/10/2024,78,maestro
79,Theobald,Littlejohns,tlittlejohns26@dagondesign.com,Male,79,Soup - Campbells Beef Stew,8/30/2024,79,bankcard
80,Rowney,Simmill,rsimmill27@ca.gov,Male,80,Sauce - Roasted Red Pepper,4/30/2024,80,maestro
81,Ariadne,Butcher,abutcher28@marriott.com,Female,81,Banana - Green,4/10/2024,81,visa
82,Davy,Crix,dcrix29@dion.ne.jp,Polygender,82,The Pop Shoppe - Black Cherry,7/1/2024,82,maestro
83,Kathlin,Lumsdale,klumsdale2a@upenn.edu,Female,83,Tomato Puree,2/6/2024,83,bankcard
84,Tedi,Bordiss,tbordiss2b@samsung.com,Female,84,"Ice - Clear, 300 Lb For Carving",4/29/2024,84,bankcard
85,Ilyssa,Diamond,idiamond2c@china.com.cn,Bigender,85,"Leeks - Baby, White",3/28/2024,85,visa
86,Walt,Clousley,wclousley2d@shareasale.com,Male,86,Longos - Burritos,12/15/2023,86,bankcard
87,Mohandis,Vandenhoff,mvandenhoff2e@comsenz.com,Male,87,Ice Cream Bar - Oreo Cone,11/27/2023,87,maestro
88,Miles,Northway,mnorthway2f@addthis.com,Male,88,White Baguette,5/19/2024,88,americanexpress
89,Kelvin,Wellwood,kwellwood2g@dmoz.org,Male,89,Oil - Coconut,3/13/2024,89,bankcard
90,Joellyn,Staggs,jstaggs2h@indiegogo.com,Female,90,Scallops 60/80 Iqf,1/6/2024,90,mastercard
91,Chicky,Andrieu,candrieu2i@naver.com,Male,91,"Sugar - Sweet N Low, Individual",6/11/2024,91,americanexpress
92,Ammamaria,Hagard,ahagard2j@usa.gov,Female,92,"Lid - High Heat, Super Clear",5/6/2024,92,mastercard
93,Raphael,Menis,rmenis2k@marriott.com,Agender,93,Fennel,12/23/2023,93,visa
94,Payton,Titheridge,ptitheridge2l@shop-pro.jp,Male,94,Leeks - Large,1/7/2024,94,maestro
95,Jon,de Wilde,jdewilde2m@dailymail.co.uk,Male,95,Red Pepper Paste,7/7/2024,95,maestro
96,Rivkah,Willment,rwillment2n@shinystat.com,Female,96,Prunes - Pitted,2/24/2024,96,visa
97,Neel,Ditch,nditch2o@weebly.com,Male,97,Steampan - Half Size Shallow,8/27/2024,97,americanexpress
98,Smitty,Corzon,scorzon2p@wisc.edu,Polygender,98,Macaroons - Homestyle Two Bit,5/14/2024,98,maestro
99,Fredrika,Skough,fskough2q@usnews.com,Female,99,Capon - Whole,7/9/2024,99,maestro
100,Gordon,Slingsby,gslingsby2r@wix.com,Male,100,Cheese - Pied De Vents,5/19/2024,100,americanexpress
101,Natalina,Billington,nbillington2s@va.gov,Female,101,"Club Soda - Schweppes, 355 Ml",11/15/2024,101,visa
102,Rafe,Balsom,rbalsom2t@simplemachines.org,Genderqueer,102,Bols Melon Liqueur,4/19/2024,102,maestro
103,Nanette,Ashburne,nashburne2u@example.com,Female,103,Wine - Ej Gallo Sonoma,9/5/2024,103,visa
104,Elwyn,Murrells,emurrells2v@washingtonpost.com,Male,104,Parsley - Dried,4/8/2024,104,visa
105,Rutger,Yude,ryude2w@squarespace.com,Male,105,Instant Coffee,12/30/2023,105,americanexpress
106,Jeramie,Macura,jmacura2x@privacy.gov.au,Male,106,Chocolate - Liqueur Cups With Foil,4/1/2024,106,bankcard
107,Cherida,Sweedy,csweedy2y@geocities.com,Female,107,Noodles - Steamed Chow Mein,5/22/2024,107,americanexpress
108,Kellyann,Gourlay,kgourlay2z@utexas.edu,Female,108,Spice - Pepper Portions,2/21/2024,108,visa
109,Sonnnie,Tomanek,stomanek30@squidoo.com,Female,109,Turkey Tenderloin Frozen,11/24/2023,109,mastercard
110,Barclay,Boarer,bboarer31@nyu.edu,Male,110,"Soup - Campbells, Chix Gumbo",4/2/2024,110,bankcard
111,Jeramey,Zebedee,jzebedee32@surveymonkey.com,Male,111,Mustard - Seed,7/10/2024,111,mastercard
112,Roby,Liston,rliston33@typepad.com,Female,112,Coffee - Decaffeinato Coffee,8/27/2024,112,bankcard
113,Elle,Aronin,earonin34@sciencedaily.com,Female,113,Wine - Pinot Noir Mondavi Coastal,6/21/2024,113,maestro
114,Ely,Cromie,ecromie35@google.com.hk,Male,114,Foil - Round Foil,8/15/2024,114,maestro
115,Guenevere,Antunes,gantunes36@icio.us,Female,115,Truffle Cups - Brown,4/25/2024,115,americanexpress
116,Lurleen,Casement,lcasement37@meetup.com,Female,116,Tobasco Sauce,4/26/2024,116,bankcard
117,Lazaro,Ballham,lballham38@yellowbook.com,Male,117,Tarts Assorted,2/4/2024,117,visa
118,Diann,Lethlay,dlethlay39@ed.gov,Female,118,"Rum - White, Gg White",3/17/2024,118,bankcard
119,Thornton,Beyn,tbeyn3a@elpais.com,Male,119,Pastry - Baked Cinnamon Stick,8/21/2024,119,mastercard
120,Sergio,Piddlesden,spiddlesden3b@auda.org.au,Male,120,"Chicken - Wings, Tip Off",2/6/2024,120,visa
121,Arturo,Aubert,aaubert3c@scribd.com,Male,121,Turkey - Ground. Lean,4/3/2024,121,mastercard
122,Rhea,Gooley,rgooley3d@sfgate.com,Female,122,Blouse / Shirt / Sweater,11/18/2024,122,mastercard
123,Dela,Murthwaite,dmurthwaite3e@biblegateway.com,Female,123,"Lamb - Leg, Bone In",3/17/2024,123,bankcard
124,Godfry,Brisse,gbrisse3f@sakura.ne.jp,Male,124,"Pepper - White, Ground",12/10/2023,124,maestro
125,Ronald,Jumont,rjumont3g@behance.net,Male,125,Pineapple - Golden,8/8/2024,125,visa
126,Garik,Vlasyev,gvlasyev3h@microsoft.com,Polygender,126,"Veal - Tenderloin, Untrimmed",6/12/2024,126,mastercard
127,Mordecai,McGonagle,mmcgonagle3i@google.pl,Male,127,Cake - Sheet Strawberry,12/16/2023,127,maestro
128,Jennifer,Cattlow,jcattlow3j@meetup.com,Female,128,Tea - Apple Green Tea,5/3/2024,128,bankcard
129,Ed,Harcarse,eharcarse3k@noaa.gov,Male,129,Wine - Balbach Riverside,5/23/2024,129,mastercard
130,Fredi,Kissack,fkissack3l@fda.gov,Female,130,"Crush - Orange, 355ml",6/10/2024,130,americanexpress
131,Hamel,Raiman,hraiman3m@telegraph.co.uk,Male,131,Milk - Chocolate 250 Ml,1/28/2024,131,maestro
132,Annelise,Putson,aputson3n@epa.gov,Female,132,Scotch - Queen Anne,9/17/2024,132,mastercard
133,Geordie,Abdy,gabdy3o@soundcloud.com,Male,133,Pastry - Banana Tea Loaf,12/31/2023,133,mastercard
134,Sibley,O' Hanvey,sohanvey3p@tiny.cc,Female,134,Chips Potato Swt Chilli Sour,12/24/2023,134,visa
135,Aleksandr,Pic,apic3q@dagondesign.com,Male,135,Crab Brie In Phyllo,8/29/2024,135,bankcard
136,Lauralee,Tomaschke,ltomaschke3r@psu.edu,Female,136,Pastry - Lemon Danish - Mini,2/29/2024,136,visa
137,Tandi,Swanger,tswanger3s@latimes.com,Female,137,Tea - Mint,6/13/2024,137,maestro
138,Pedro,Digges,pdigges3t@spotify.com,Male,138,Pate Pans Yellow,8/14/2024,138,visa
139,Court,Snooks,csnooks3u@reverbnation.com,Male,139,Cheese Cloth No 60,12/4/2023,139,visa
140,Austina,Vasilenko,avasilenko3v@pen.io,Polygender,140,Chickensplit Half,2/16/2024,140,maestro
141,Jaquelyn,Swigg,jswigg3w@cnn.com,Female,141,Tray - 16in Rnd Blk,1/4/2024,141,mastercard
142,Skipton,Gilchrist,sgilchrist3x@blog.com,Male,142,Anchovy Paste - 56 G Tube,11/4/2024,142,americanexpress
143,Trevar,Ody,tody3y@aboutads.info,Male,143,"Wine - Red, Colio Cabernet",6/19/2024,143,americanexpress
144,Albina,Kilfoyle,akilfoyle3z@cnn.com,Female,144,Olives - Kalamata,4/16/2024,144,mastercard
145,Shaine,Tarling,starling40@yandex.ru,Male,145,Chips - Doritos,3/2/2024,145,bankcard
146,Port,Tinto,ptinto41@ucsd.edu,Male,146,Pastry - Raisin Muffin - Mini,6/9/2024,146,maestro
147,Hedvig,Butler,hbutler42@parallels.com,Female,147,Steel Wool S.o.s,5/29/2024,147,maestro
148,Paolo,Pickless,ppickless43@ifeng.com,Male,148,Five Alive Citrus,2/23/2024,148,visa
149,Mallissa,Tocqueville,mtocqueville44@meetup.com,Female,149,"Schnappes - Peach, Walkers",10/7/2024,149,maestro
150,Zorina,Attenburrow,zattenburrow45@businessinsider.com,Agender,150,Wine - Rioja Campo Viejo,2/10/2024,150,maestro
151,Vernen,Kember,vkember46@google.com.au,Male,151,"Pork - Tenderloin, Frozen",5/30/2024,151,bankcard
152,Chariot,Callender,ccallender47@a8.net,Male,152,Soup - Base Broth Beef,1/27/2024,152,visa
153,Basil,Matei,bmatei48@si.edu,Male,153,"Sauce - White, Mix",8/13/2024,153,mastercard
154,Tremain,Sharple,tsharple49@washingtonpost.com,Male,154,Pork - Smoked Back Bacon,2/25/2024,154,maestro
155,Rubetta,Crookshank,rcrookshank4a@timesonline.co.uk,Genderfluid,155,"7up Diet, 355 Ml",5/5/2024,155,visa
156,Reinald,Gowanlock,rgowanlock4b@tripod.com,Male,156,"Lamb - Whole Head Off,nz",7/16/2024,156,maestro
157,Gavan,Jozef,gjozef4c@webnode.com,Male,157,Beef - Striploin,8/1/2024,157,mastercard
158,Colleen,Karlolczak,ckarlolczak4d@gizmodo.com,Female,158,Veal - Osso Bucco,4/8/2024,158,maestro
159,Goddard,Campione,gcampione4e@linkedin.com,Male,159,Loquat,5/25/2024,159,bankcard
160,Ambur,Simonini,asimonini4f@google.com.hk,Female,160,Muffin - Carrot Individual Wrap,4/24/2024,160,maestro
161,Drusilla,Collaton,dcollaton4g@huffingtonpost.com,Female,161,Lamb - Loin Chops,6/5/2024,161,bankcard
162,Sanders,Lapthorne,slapthorne4h@baidu.com,Male,162,"Mustard - Dry, Powder",6/20/2024,162,mastercard
163,Dion,Hooke,dhooke4i@scribd.com,Female,163,"Lamb - Whole, Frozen",6/29/2024,163,maestro
164,Kakalina,Charle,kcharle4j@nifty.com,Female,164,Sobe - Green Tea,5/28/2024,164,visa
165,Liv,Bridgwood,lbridgwood4k@cocolog-nifty.com,Female,165,Hipnotiq Liquor,7/28/2024,165,mastercard
166,Duncan,Chessil,dchessil4l@instagram.com,Male,166,"Lamb - Leg, Diced",4/20/2024,166,mastercard
167,Rana,Vynarde,rvynarde4m@nhs.uk,Female,167,Arctic Char - Fillets,9/12/2024,167,maestro
168,Davon,MacPherson,dmacpherson4n@4shared.com,Male,168,Soup - Cream Of Potato / Leek,1/19/2024,168,americanexpress
169,Elva,Lawranson,elawranson4o@hugedomains.com,Female,169,Tart - Lemon,8/10/2024,169,americanexpress
170,Roosevelt,Bowles,rbowles4p@icq.com,Male,170,Beans - Fine,2/23/2024,170,bankcard
171,Pinchas,John,pjohn4q@umich.edu,Male,171,"Pasta - Rotini, Dry",4/6/2024,171,americanexpress
172,Dody,Oty,doty4r@live.com,Female,172,Cake - Night And Day Choclate,11/11/2024,172,visa
173,Kessia,Howerd,khowerd4s@cnbc.com,Female,173,Soup Campbells Turkey Veg.,2/1/2024,173,mastercard
174,Burty,Gutowska,bgutowska4t@intel.com,Male,174,Rhubarb,4/3/2024,174,mastercard
175,Willabella,Klaaassen,wklaaassen4u@vkontakte.ru,Female,175,Muffin Mix - Oatmeal,4/24/2024,175,maestro
176,Constantin,Hurdle,churdle4v@cocolog-nifty.com,Male,176,Tuna - Bluefin,2/3/2024,176,mastercard
177,Lynda,Leigh,lleigh4w@taobao.com,Female,177,Peas - Frozen,10/24/2024,177,mastercard
178,Alyson,Mutch,amutch4x@zdnet.com,Female,178,Chicken - Livers,12/14/2023,178,maestro
179,Cristionna,Curnucke,ccurnucke4y@gnu.org,Female,179,Wine - Sauvignon Blanc Oyster,4/21/2024,179,americanexpress
180,Betsey,Benettini,bbenettini4z@msu.edu,Female,180,Potatoes - Parissienne,4/28/2024,180,visa
181,Harmon,Archdeacon,harchdeacon50@cbslocal.com,Male,181,Pie Shells 10,12/12/2023,181,maestro
182,Cary,Jewes,cjewes51@globo.com,Female,182,"Sauce - Gravy, Au Jus, Mix",2/13/2024,182,visa
183,Josi,Buckwell,jbuckwell52@wix.com,Female,183,Pear - Halves,2/7/2024,183,visa
184,Rufus,Crayk,rcrayk53@bloglines.com,Male,184,Bread - Assorted Rolls,10/26/2024,184,visa
185,Rozina,Loveredge,rloveredge54@statcounter.com,Female,185,Tea - Vanilla Chai,3/9/2024,185,bankcard
186,Janine,Cawdron,jcawdron55@miitbeian.gov.cn,Female,186,Wine - Manischewitz Concord,5/13/2024,186,maestro
187,Kalli,Gianotti,kgianotti56@posterous.com,Female,187,Beets,10/10/2024,187,visa
188,Allison,Lewknor,alewknor57@yelp.com,Female,188,Apple - Granny Smith,1/14/2024,188,maestro
189,Ado,Kender,akender58@istockphoto.com,Male,189,Cup - 8oz Coffee Perforated,11/13/2024,189,mastercard
190,Candide,Reignolds,creignolds59@spotify.com,Bigender,190,Yucca,12/1/2023,190,bankcard
191,Delia,Greeves,dgreeves5a@sciencedirect.com,Female,191,Bread - Rye,7/4/2024,191,visa
192,Edmund,Hurring,ehurring5b@loc.gov,Male,192,Chicken - Base,8/19/2024,192,visa
193,Natividad,Gunbie,ngunbie5c@alexa.com,Female,193,Beer - Steamwhistle,5/9/2024,193,mastercard
194,Fonzie,Fakeley,ffakeley5d@mozilla.org,Male,194,"Lamb - Shoulder, Boneless",5/27/2024,194,visa
195,Delmar,Selcraig,dselcraig5e@canalblog.com,Male,195,Juice - Prune,8/20/2024,195,visa
196,Merrilee,Betje,mbetje5f@acquirethisname.com,Female,196,"Jam - Strawberry, 20 Ml Jar",9/1/2024,196,maestro
197,Simonette,Nornable,snornable5g@addthis.com,Agender,197,Eggplant - Asian,1/12/2024,197,maestro
198,Theodor,Bricklebank,tbricklebank5h@mac.com,Male,198,Wine - Segura Viudas Aria Brut,5/22/2024,198,americanexpress
199,Lorelei,McGinny,lmcginny5i@blogspot.com,Female,199,Red Pepper Paste,6/10/2024,199,bankcard
200,Shadow,Sikorsky,ssikorsky5j@comcast.net,Male,200,Island Oasis - Banana Daiquiri,7/14/2024,200,maestro
201,Aeriell,Rhymes,arhymes5k@facebook.com,Female,201,Danishes - Mini Cheese,9/23/2024,201,mastercard
202,Avram,Hugonneau,ahugonneau5l@dell.com,Male,202,Goat - Leg,1/6/2024,202,bankcard
203,Norri,Schutter,nschutter5m@surveymonkey.com,Female,203,Oil - Sunflower,3/24/2024,203,americanexpress
204,Ange,Dolman,adolman5n@symantec.com,Male,204,Crab - Soft Shell,11/7/2024,204,mastercard
205,Erinn,De Gowe,edegowe5o@goodreads.com,Female,205,"Roe - Lump Fish, Black",1/19/2024,205,maestro
206,Baxie,Nehls,bnehls5p@example.com,Male,206,Flour - Bread,1/14/2024,206,visa
207,Marlo,Rickasse,mrickasse5q@cdc.gov,Female,207,Higashimaru Usukuchi Soy,2/24/2024,207,maestro
208,Margarethe,Yashaev,myashaev5r@google.com,Non-binary,208,Onions - Pearl,4/24/2024,208,maestro
209,Phedra,Durand,pdurand5s@howstuffworks.com,Female,209,Capon - Whole,4/16/2024,209,bankcard
210,Nichol,Tailour,ntailour5t@vimeo.com,Bigender,210,Sauce Tomato Pouch,1/7/2024,210,maestro
211,Urbain,Choudhury,uchoudhury5u@miibeian.gov.cn,Male,211,Eggplant Oriental,3/27/2024,211,visa
212,Monique,Sphinxe,msphinxe5v@nbcnews.com,Female,212,Cinnamon - Ground,2/26/2024,212,bankcard
213,Jere,Stell,jstell5w@list-manage.com,Male,213,"Beans - Navy, Dry",10/20/2024,213,maestro
214,Fiona,Dalrymple,fdalrymple5x@engadget.com,Female,214,Chicken - Whole Fryers,12/12/2023,214,bankcard
215,Rosalyn,Fitzsymons,rfitzsymons5y@multiply.com,Female,215,Beer - Upper Canada Light,7/4/2024,215,americanexpress
216,Piggy,Leither,pleither5z@aboutads.info,Male,216,"Iced Tea - Lemon, 340ml",11/24/2023,216,bankcard
217,Nicola,Hails,nhails60@bizjournals.com,Male,217,Godiva White Chocolate,9/28/2024,217,mastercard
218,Marielle,Rowat,mrowat61@exblog.jp,Female,218,"Pasta - Detalini, White, Fresh",12/24/2023,218,americanexpress
219,Wanids,Verrick,wverrick62@drupal.org,Female,219,Butter - Salted,1/24/2024,219,bankcard
220,Conney,Dignam,cdignam63@addthis.com,Male,220,Nantuket Peach Orange,8/5/2024,220,maestro
221,Roderick,Stave,rstave64@bing.com,Male,221,Spice - Onion Powder Granulated,5/24/2024,221,mastercard
222,Berrie,Inggall,binggall65@wsj.com,Female,222,Chocolate - Mi - Amere Semi,5/4/2024,222,maestro
223,Camila,Butterfint,cbutterfint66@squarespace.com,Female,223,Cake - Dulce De Leche,9/1/2024,223,americanexpress
224,Skell,Gillcrist,sgillcrist67@cam.ac.uk,Male,224,Mustard - Seed,2/6/2024,224,mastercard
225,Cammy,Neesam,cneesam68@slate.com,Male,225,Snapple - Iced Tea Peach,1/2/2024,225,bankcard
226,Gena,Maffi,gmaffi69@bluehost.com,Female,226,Ice Cream - Super Sandwich,12/6/2023,226,maestro
227,Shanda,Bohlsen,sbohlsen6a@msu.edu,Female,227,Beef - Texas Style Burger,12/23/2023,227,mastercard
228,Edee,Lockton,elockton6b@illinois.edu,Non-binary,228,"Bread - Multigrain, Loaf",4/13/2024,228,visa
229,Gay,Crampin,gcrampin6c@tinypic.com,Male,229,Nantucket - Pomegranate Pear,1/21/2024,229,visa
230,Lorrie,Ross,lross6d@fema.gov,Female,230,"Sugar - Brown, Individual",10/31/2024,230,americanexpress
231,Gilbert,Babbage,gbabbage6e@canalblog.com,Male,231,"Wine - Red, Colio Cabernet",9/22/2024,231,maestro
232,Antonella,Brosio,abrosio6f@pcworld.com,Female,232,Horseradish Root,11/26/2023,232,maestro
233,Esta,Keast,ekeast6g@latimes.com,Polygender,233,"Veal - Shank, Pieces",1/13/2024,233,mastercard
234,Mylo,Masdon,mmasdon6h@bloglines.com,Male,234,Cabbage Roll,3/2/2024,234,bankcard
235,Paco,Reisenberg,preisenberg6i@adobe.com,Male,235,Beef - Diced,10/18/2024,235,mastercard
236,Darby,Goodlatt,dgoodlatt6j@disqus.com,Female,236,"Hickory Smoke, Liquid",6/7/2024,236,bankcard
237,Fair,Hagyard,fhagyard6k@google.com.br,Male,237,Clam Nectar,9/5/2024,237,maestro
238,Sashenka,Westlake,swestlake6l@cbslocal.com,Female,238,"Juice - Cranberry, 341 Ml",1/5/2024,238,maestro
239,Cortney,Gowland,cgowland6m@msu.edu,Non-binary,239,Beef - Texas Style Burger,6/25/2024,239,maestro
240,Darline,Dugmore,ddugmore6n@google.com.au,Female,240,Muffin Mix - Oatmeal,2/13/2024,240,bankcard
241,Cortie,Harget,charget6o@naver.com,Male,241,Wine - Clavet Saint Emilion,8/31/2024,241,americanexpress
242,Shaylyn,Shakesby,sshakesby6p@google.co.jp,Female,242,Peppercorns - Pink,10/31/2024,242,bankcard
243,Laurent,Butterfint,lbutterfint6q@yale.edu,Male,243,Jam - Raspberry,8/4/2024,243,americanexpress
244,Hakeem,Duffyn,hduffyn6r@4shared.com,Male,244,"Pork - Bacon, Double Smoked",10/13/2024,244,maestro
245,Garner,Zebedee,gzebedee6s@slate.com,Male,245,Chocolate - Dark,10/9/2024,245,visa
246,Rad,Chartres,rchartres6t@bbc.co.uk,Male,246,Beef Cheek Fresh,3/19/2024,246,maestro
247,Christabella,Scrowston,cscrowston6u@princeton.edu,Female,247,Lettuce - Frisee,3/30/2024,247,maestro
248,Aidan,Nannoni,anannoni6v@privacy.gov.au,Female,248,"Soup - Beef Conomme, Dry",5/24/2024,248,visa
249,Lonnard,Darkin,ldarkin6w@istockphoto.com,Male,249,Napkin White,3/13/2024,249,bankcard
250,Zelig,Fillimore,zfillimore6x@friendfeed.com,Male,250,Mushroom - White Button,7/28/2024,250,americanexpress
251,Elysia,Estabrook,eestabrook6y@google.co.jp,Female,251,"Beef - Rib Roast, Capless",8/22/2024,251,americanexpress
252,Stepha,Schaffel,sschaffel6z@noaa.gov,Female,252,Versatainer Nc - 888,12/26/2023,252,visa
253,Alvy,Halburton,ahalburton70@si.edu,Male,253,Appetizer - Veg Assortment,3/24/2024,253,mastercard
254,Lori,O'Donnell,lodonnell71@studiopress.com,Female,254,Pepper - Pablano,5/21/2024,254,maestro
255,Binky,Sollis,bsollis72@baidu.com,Male,255,Vaccum Bag 10x13,3/15/2024,255,mastercard
256,Goraud,Arnald,garnald73@live.com,Male,256,Lambcasing,12/20/2023,256,americanexpress
257,Korella,Isles,kisles74@xing.com,Genderqueer,257,Veal - Heart,7/20/2024,257,visa
258,Olivie,Domanski,odomanski75@hp.com,Female,258,Emulsifier,3/18/2024,258,visa
259,Hillard,Heasman,hheasman76@istockphoto.com,Male,259,Venison - Denver Leg Boneless,11/3/2024,259,bankcard
260,Giuditta,Tulleth,gtulleth77@elegantthemes.com,Female,260,Danishes - Mini Cheese,2/17/2024,260,americanexpress
261,Michell,Mostyn,mmostyn78@1und1.de,Female,261,"Salmon - Atlantic, Fresh, Whole",9/19/2024,261,mastercard
262,Don,Ingleby,dingleby79@nba.com,Male,262,Versatainer Nc - 8288,8/18/2024,262,maestro
263,Sophey,Arney,sarney7a@wordpress.org,Female,263,Whmis Spray Bottle Graduated,5/29/2024,263,bankcard
264,Merrili,Matashkin,mmatashkin7b@accuweather.com,Polygender,264,Daves Island Stinger,12/16/2023,264,americanexpress
265,Kellby,Hutcheon,khutcheon7c@typepad.com,Male,265,"Orange - Canned, Mandarin",6/23/2024,265,americanexpress
266,Clementius,Keave,ckeave7d@hhs.gov,Male,266,Horseradish - Prepared,8/8/2024,266,bankcard
267,Deeanne,Jone,djone7e@webs.com,Female,267,Cheese - Le Cru Du Clocher,8/24/2024,267,visa
268,Sonnie,Hillin,shillin7f@com.com,Female,268,Gherkin,2/26/2024,268,maestro
269,Bibbye,Slograve,bslograve7g@ning.com,Female,269,Table Cloth 72x144 White,3/16/2024,269,visa
270,Jonathon,Dieton,jdieton7h@shinystat.com,Male,270,Corn - On The Cob,11/18/2024,270,mastercard
271,Viv,Stedson,vstedson7i@wix.com,Polygender,271,Cherries - Frozen,11/30/2023,271,mastercard
272,Malory,Hurdedge,mhurdedge7j@dailymotion.com,Non-binary,272,"Tea - Darjeeling, Azzura",1/5/2024,272,mastercard
273,Keefer,Nellen,knellen7k@acquirethisname.com,Male,273,Chocolate - Sugar Free Semi Choc,11/12/2024,273,visa
274,Werner,Dunbavin,wdunbavin7l@shutterfly.com,Male,274,Salt - Celery,2/18/2024,274,bankcard
275,Adriena,Serot,aserot7m@networkadvertising.org,Female,275,Glass Clear 7 Oz Xl,4/20/2024,275,visa
276,Ewen,Crolly,ecrolly7n@tripod.com,Male,276,Papadam,5/7/2024,276,maestro
277,Ekaterina,Knappett,eknappett7o@artisteer.com,Female,277,Wine - Cava Aria Estate Brut,1/3/2024,277,mastercard
278,Lorrayne,Farthing,lfarthing7p@freewebs.com,Female,278,"Pepper - Chillies, Crushed",2/4/2024,278,americanexpress
279,Skipper,Guilbert,sguilbert7q@uol.com.br,Male,279,Fiddlehead - Frozen,7/24/2024,279,bankcard
280,Kingsley,Mearns,kmearns7r@example.com,Male,280,"Bread - Rolls, Corn",3/28/2024,280,americanexpress
281,Rozalin,Mathivat,rmathivat7s@kickstarter.com,Female,281,Neckerchief Blck,6/1/2024,281,maestro
282,Blane,Shipperbottom,bshipperbottom7t@gmpg.org,Male,282,Anchovy Paste - 56 G Tube,1/13/2024,282,mastercard
283,Fulvia,Spragg,fspragg7u@dagondesign.com,Female,283,Wine - Chateauneuf Du Pape,12/27/2023,283,bankcard
284,Thornton,Abilowitz,tabilowitz7v@omniture.com,Male,284,Tuna - Salad Premix,4/20/2024,284,bankcard
285,Carlyle,Orro,corro7w@hp.com,Male,285,Cocktail Napkin Blue,7/27/2024,285,americanexpress
286,Ileana,Antuk,iantuk7x@dedecms.com,Female,286,Coriander - Ground,5/13/2024,286,bankcard
287,Jacquenette,Umfrey,jumfrey7y@baidu.com,Female,287,Wine - Niagara Peninsula Vqa,8/25/2024,287,bankcard
288,Nona,Theodoris,ntheodoris7z@yale.edu,Female,288,Pumpkin,1/28/2024,288,visa
289,Read,McGrory,rmcgrory80@typepad.com,Male,289,Island Oasis - Pina Colada,2/22/2024,289,americanexpress
290,Tiebold,Derx,tderx81@icio.us,Male,290,Table Cloth 53x53 White,1/21/2024,290,mastercard
291,Siegfried,Chastand,schastand82@twitpic.com,Male,291,"Pepper - Julienne, Frozen",1/10/2024,291,mastercard
292,Robby,Beentjes,rbeentjes83@ucsd.edu,Male,292,Wine - Cabernet Sauvignon,1/19/2024,292,americanexpress
293,Stepha,Eustanch,seustanch84@desdev.cn,Female,293,Tart - Pecan Butter Squares,2/10/2024,293,mastercard
294,Inessa,Etherson,ietherson85@imageshack.us,Female,294,Ecolab - Hand Soap Form Antibac,9/26/2024,294,bankcard
295,Aeriel,Oxlee,aoxlee86@bizjournals.com,Female,295,Rabbit - Saddles,5/15/2024,295,mastercard
296,Ludwig,Espadate,lespadate87@abc.net.au,Polygender,296,Milk - 1%,12/30/2023,296,visa
297,Wells,Toon,wtoon88@census.gov,Male,297,Bread - White Epi Baguette,12/13/2023,297,americanexpress
298,Millie,Ackery,mackery89@shareasale.com,Female,298,Spice - Pepper Portions,1/9/2024,298,mastercard
299,Edie,Monni,emonni8a@csmonitor.com,Female,299,Spice - Montreal Steak Spice,2/13/2024,299,bankcard
300,Alvira,Garnar,agarnar8b@wp.com,Female,300,The Pop Shoppe - Lime Rickey,7/30/2024,300,visa
301,Robin,Leisman,rleisman8c@jiathis.com,Female,301,Pork Loin Cutlets,12/7/2023,301,bankcard
302,Ced,Peddie,cpeddie8d@bbc.co.uk,Male,302,Kiwi Gold Zespri,11/6/2024,302,mastercard
303,Tybalt,Josse,tjosse8e@timesonline.co.uk,Bigender,303,Foil Wrap,10/12/2024,303,mastercard
304,Brande,Drohun,bdrohun8f@artisteer.com,Female,304,Sauce - Chili,11/25/2023,304,maestro
305,Genovera,Punyer,gpunyer8g@cyberchimps.com,Female,305,Scallops - Live In Shell,9/21/2024,305,mastercard
306,Cyndie,Frankis,cfrankis8h@census.gov,Female,306,Cup - 4oz Translucent,11/8/2024,306,bankcard
307,Tarah,Buye,tbuye8i@ca.gov,Female,307,Water - San Pellegrino,6/4/2024,307,mastercard
308,Broddy,Whitnall,bwhitnall8j@fema.gov,Male,308,Plaintain,9/28/2024,308,visa
309,George,Dulwitch,gdulwitch8k@weather.com,Male,309,Beef - Striploin Aa,3/14/2024,309,visa
310,Karlis,Yakunchikov,kyakunchikov8l@artisteer.com,Male,310,Flax Seed,11/18/2024,310,americanexpress
311,Roanna,Winks,rwinks8m@hatena.ne.jp,Female,311,Tarts Assorted,6/29/2024,311,maestro
312,Natale,Vallens,nvallens8n@vk.com,Genderfluid,312,"Pepper - Paprika, Hungarian",8/21/2024,312,americanexpress
313,Terri,Rorke,trorke8o@123-reg.co.uk,Female,313,Spice - Montreal Steak Spice,11/15/2024,313,mastercard
314,Hazel,Sevin,hsevin8p@state.tx.us,Female,314,Muffin Hinge 117n,6/12/2024,314,maestro
315,Karmen,Clac,kclac8q@google.it,Female,315,Flour - Strong Pizza,11/2/2024,315,bankcard
316,Kellsie,Danshin,kdanshin8r@bloglines.com,Polygender,316,Broom And Brush Rack Black,2/18/2024,316,americanexpress
317,Loralie,Philippart,lphilippart8s@prlog.org,Female,317,Spinach - Frozen,12/4/2023,317,visa
318,Tasha,Braunds,tbraunds8t@goodreads.com,Female,318,Cinnamon Rolls,12/20/2023,318,mastercard
319,Berrie,Bendtsen,bbendtsen8u@auda.org.au,Female,319,Pate Pans Yellow,8/25/2024,319,visa
320,Barb,Linne,blinne8v@joomla.org,Female,320,Guava,9/5/2024,320,bankcard
321,Avery,Sterzaker,asterzaker8w@flickr.com,Male,321,Pasta - Ravioli,5/11/2024,321,americanexpress
322,Klara,Enga,kenga8x@comsenz.com,Female,322,Garbage Bag - Clear,6/7/2024,322,visa
323,Bradley,Delhay,bdelhay8y@wordpress.org,Male,323,Basil - Fresh,12/8/2023,323,mastercard
324,Heddi,Lucks,hlucks8z@weibo.com,Non-binary,324,Durian Fruit,9/28/2024,324,americanexpress
325,Daryle,Tomes,dtomes90@amazon.co.uk,Male,325,"Wine - White, Colubia Cresh",4/17/2024,325,bankcard
326,Addie,Dollen,adollen91@mozilla.org,Female,326,"Lamb - Leg, Diced",3/26/2024,326,maestro
327,Leslie,Trethewey,ltrethewey92@creativecommons.org,Female,327,Oneshot Automatic Soap System,5/1/2024,327,maestro
328,Hannis,Jakov,hjakov93@accuweather.com,Female,328,Lychee - Canned,9/10/2024,328,maestro
329,Auroora,Crosetto,acrosetto94@unicef.org,Female,329,Beef - Prime Rib Aaa,2/1/2024,329,mastercard
330,Mata,Soame,msoame95@feedburner.com,Male,330,"Pepper - Chipotle, Canned",8/21/2024,330,americanexpress
331,Lyon,Cocci,lcocci96@tuttocitta.it,Male,331,Sobe - Berry Energy,3/9/2024,331,maestro
332,Cam,Schultz,cschultz97@time.com,Bigender,332,Cheese - Asiago,3/21/2024,332,mastercard
333,Judi,Gridley,jgridley98@sogou.com,Genderfluid,333,Wine - Gato Negro Cabernet,11/20/2023,333,mastercard
334,Lilla,Fitzharris,lfitzharris99@latimes.com,Female,334,Syrup - Pancake,6/27/2024,334,visa
335,Althea,Kloster,akloster9a@angelfire.com,Female,335,Beer - Rickards Red,3/25/2024,335,mastercard
336,Elmer,Baudains,ebaudains9b@hibu.com,Male,336,Longos - Grilled Chicken With,6/21/2024,336,bankcard
337,Loralee,Redfearn,lredfearn9c@reference.com,Female,337,Cornflakes,6/21/2024,337,maestro
338,Jamie,Ekins,jekins9d@flavors.me,Male,338,Soho Lychee Liqueur,12/26/2023,338,bankcard
339,Aeriell,Teape,ateape9e@flickr.com,Female,339,Fenngreek Seed,7/18/2024,339,maestro
340,Hinze,Cantle,hcantle9f@discuz.net,Male,340,Cheese - Mozzarella,1/29/2024,340,mastercard
341,Euell,Hartup,ehartup9g@google.com.hk,Male,341,"Rum - Cream, Amarula",5/12/2024,341,bankcard
342,Merwin,De la Yglesia,mdelayglesia9h@google.nl,Genderfluid,342,Syrup - Chocolate,12/8/2023,342,maestro
343,Shayla,Gergolet,sgergolet9i@usatoday.com,Female,343,Muffin - Bran Ind Wrpd,6/10/2024,343,maestro
344,Greggory,Hane,ghane9j@privacy.gov.au,Male,344,Longos - Greek Salad,9/9/2024,344,bankcard
345,Franciska,Godwyn,fgodwyn9k@mayoclinic.com,Female,345,Wine - Ruffino Chianti Classico,10/29/2024,345,visa
346,Kelsi,Gilardi,kgilardi9l@nih.gov,Female,346,Beef - Salted,7/25/2024,346,mastercard
347,Chico,Serrels,cserrels9m@istockphoto.com,Male,347,Couscous,12/20/2023,347,visa
348,Howie,Lutsch,hlutsch9n@geocities.jp,Male,348,Soup Bowl Clear 8oz92008,8/23/2024,348,mastercard
349,Allie,Toffoletto,atoffoletto9o@ibm.com,Female,349,Devonshire Cream,2/14/2024,349,bankcard
350,Shaine,Stansall,sstansall9p@wikipedia.org,Male,350,Beef - Inside Round,4/10/2024,350,visa
351,Eudora,Louedey,elouedey9q@ovh.net,Non-binary,351,Water - Perrier,6/16/2024,351,maestro
352,Leia,Chrishop,lchrishop9r@economist.com,Female,352,Wasabi Paste,10/28/2024,352,visa
353,Flory,Fairbrother,ffairbrother9s@state.tx.us,Male,353,Bar - Sweet And Salty Chocolate,10/6/2024,353,bankcard
354,Magda,Eayrs,meayrs9t@boston.com,Non-binary,354,Dikon,12/27/2023,354,maestro
355,Loria,Firminger,lfirminger9u@wikia.com,Female,355,Wine - Chenin Blanc K.w.v.,2/8/2024,355,americanexpress
356,Gery,Babst,gbabst9v@scientificamerican.com,Male,356,Cake - Sheet Strawberry,4/22/2024,356,mastercard
357,Archambault,De Carolis,adecarolis9w@sbwire.com,Male,357,Table Cloth 62x120 Colour,6/17/2024,357,maestro
358,Prudy,Liccardo,pliccardo9x@prnewswire.com,Female,358,Cheese - Montery Jack,10/6/2024,358,bankcard
359,Aluin,Fullicks,afullicks9y@huffingtonpost.com,Male,359,"Wine - Niagara,vqa Reisling",10/5/2024,359,maestro
360,Maible,Measures,mmeasures9z@instagram.com,Female,360,Cheese - Cream Cheese,9/10/2024,360,mastercard
361,Allys,Bjerkan,abjerkana0@bravesites.com,Female,361,Juice - Apple 284ml,8/6/2024,361,americanexpress
362,Findley,Duff,fduffa1@feedburner.com,Male,362,Everfresh Products,3/24/2024,362,bankcard
363,Modestine,Brewers,mbrewersa2@tripod.com,Female,363,Pie Filling - Apple,4/14/2024,363,bankcard
364,Worthy,Tenbrug,wtenbruga3@edublogs.org,Male,364,Silicone Parch. 16.3x24.3,11/1/2024,364,americanexpress
365,Chaunce,Spincks,cspincksa4@google.com.br,Male,365,"Coconut - Shredded, Sweet",10/28/2024,365,americanexpress
366,Lockwood,Camble,lcamblea5@goo.gl,Male,366,"Cheese - Brie, Cups 125g",1/24/2024,366,americanexpress
367,Maggie,Dikes,mdikesa6@t.co,Female,367,"Juice - Orange, 341 Ml",9/8/2024,367,mastercard
368,Berkly,Huriche,bhurichea7@youtube.com,Male,368,Tamarind Paste,8/25/2024,368,bankcard
369,Imogene,Mullaly,imullalya8@ehow.com,Female,369,"Bread - Sticks, Thin, Plain",12/31/2023,369,visa
370,Codie,Simacek,csimaceka9@livejournal.com,Female,370,Cabbage - Red,1/22/2024,370,americanexpress
371,Barron,Todarini,btodariniaa@google.nl,Male,371,Compound - Passion Fruit,2/3/2024,371,bankcard
372,Rip,Brockington,rbrockingtonab@multiply.com,Male,372,Bananas,5/12/2024,372,visa
373,Richie,Weatherall,rweatherallac@comcast.net,Male,373,Lobster - Tail 6 Oz,10/17/2024,373,bankcard
374,Lulu,Matkovic,lmatkovicad@flickr.com,Female,374,Clementine,5/23/2024,374,bankcard
375,Brit,Stolting,bstoltingae@imgur.com,Agender,375,"Pasta - Lasagna, Dry",9/3/2024,375,mastercard
376,Frederic,Bewshaw,fbewshawaf@clickbank.net,Male,376,Cinnamon Rolls,11/3/2024,376,americanexpress
377,Jermaine,Rangle,jrangleag@independent.co.uk,Female,377,Snails - Large Canned,7/11/2024,377,maestro
378,Sylvia,Giacomuzzo,sgiacomuzzoah@aboutads.info,Female,378,Flour - Teff,9/13/2024,378,mastercard
379,Wiley,Mallen,wmallenai@rediff.com,Genderqueer,379,"Oil - Food, Lacquer Spray",11/3/2024,379,visa
380,Katina,Gianetti,kgianettiaj@odnoklassniki.ru,Female,380,Sauce - Mint,2/15/2024,380,bankcard
381,Effie,Kenningham,ekenninghamak@nifty.com,Female,381,Sobe - Orange Carrot,9/5/2024,381,bankcard
382,Nonie,Kingcote,nkingcoteal@washingtonpost.com,Female,382,"Doilies - 12, Paper",12/18/2023,382,mastercard
383,Kimmy,Green,kgreenam@shinystat.com,Female,383,Myers Planters Punch,10/17/2024,383,mastercard
384,Hort,Berns,hbernsan@furl.net,Male,384,"Hickory Smoke, Liquid",10/24/2024,384,maestro
385,Sybil,Creech,screechao@g.co,Female,385,"Beans - Kidney, Red Dry",2/20/2024,385,visa
386,Perla,Creamer,pcreamerap@paypal.com,Female,386,Corn Meal,9/11/2024,386,maestro
387,Berny,Disbrow,bdisbrowaq@instagram.com,Female,387,"Trout - Hot Smkd, Dbl Fillet",12/31/2023,387,bankcard
388,Salmon,Rolf,srolfar@dot.gov,Male,388,Pop - Club Soda Can,8/6/2024,388,maestro
389,Julietta,Courtes,jcourtesas@engadget.com,Female,389,Pastry - Cherry Danish - Mini,2/14/2024,389,visa
390,Gui,Rowet,growetat@gnu.org,Female,390,Bar Energy Chocchip,3/14/2024,390,visa
391,Gennie,Terran,gterranau@furl.net,Female,391,Sugar - Individual Portions,5/10/2024,391,americanexpress
392,Douglas,Hapke,dhapkeav@guardian.co.uk,Male,392,Mace Ground,1/17/2024,392,mastercard
393,Glory,Schwanden,gschwandenaw@sphinn.com,Female,393,Kirsch - Schloss,6/23/2024,393,bankcard
394,Rayna,Scrauniage,rscrauniageax@usa.gov,Female,394,Lid Coffee Cup 8oz Blk,12/27/2023,394,visa
395,Ninnetta,Hedaux,nhedauxay@google.cn,Female,395,Sprouts - Alfalfa,10/25/2024,395,mastercard
396,Amelie,Ringwood,aringwoodaz@ameblo.jp,Female,396,Anchovy Fillets,5/29/2024,396,bankcard
397,Toddie,Datte,tdatteb0@skyrock.com,Male,397,Pickle - Dill,4/9/2024,397,bankcard
398,Shirlene,Everex,severexb1@cmu.edu,Female,398,Dates,8/19/2024,398,visa
399,Currey,Choffin,cchoffinb2@rambler.ru,Male,399,Pea - Snow,10/9/2024,399,maestro
400,Bradan,Gidney,bgidneyb3@epa.gov,Male,400,"Beer - Alexander Kieths, Pale Ale",6/27/2024,400,mastercard
401,Roselin,Hammatt,rhammattb4@nba.com,Female,401,"Nut - Walnut, Pieces",12/17/2023,401,mastercard
402,Skipper,Slayny,sslaynyb5@forbes.com,Male,402,Spring Roll Veg Mini,6/21/2024,402,maestro
403,Kristofer,Fairbank,kfairbankb6@reuters.com,Male,403,Wine - Vineland Estate Semi - Dry,10/13/2024,403,bankcard
404,Carlotta,Wheatcroft,cwheatcroftb7@harvard.edu,Female,404,Tea - Herbal Sweet Dreams,2/13/2024,404,maestro
405,Ingrim,Pendleton,ipendletonb8@blogger.com,Male,405,"Star Anise, Whole",4/20/2024,405,visa
406,Jessi,Jerok,jjerokb9@auda.org.au,Female,406,Turkey - Ground. Lean,10/7/2024,406,bankcard
407,Lillis,Scyone,lscyoneba@thetimes.co.uk,Female,407,Shiratamako - Rice Flour,2/9/2024,407,bankcard
408,Aldo,Moorhead,amoorheadbb@marketwatch.com,Bigender,408,Squash - Acorn,6/21/2024,408,bankcard
409,Janina,Waggett,jwaggettbc@cargocollective.com,Female,409,Chicken - Bones,3/25/2024,409,americanexpress
410,Patton,Brandreth,pbrandrethbd@answers.com,Male,410,Sweet Pea Sprouts,5/4/2024,410,mastercard
411,Clywd,Warrior,cwarriorbe@webmd.com,Male,411,Wine - Beringer Founders Estate,5/18/2024,411,visa
412,Johannes,Darnell,jdarnellbf@mashable.com,Male,412,Veal - Heart,5/16/2024,412,maestro
413,Barr,Iddens,biddensbg@wired.com,Male,413,"Nut - Chestnuts, Whole",8/23/2024,413,americanexpress
414,Donnell,Loveguard,dloveguardbh@unesco.org,Genderqueer,414,Bread - Malt,9/13/2024,414,visa
415,Cullan,Issit,cissitbi@oracle.com,Male,415,"Jam - Marmalade, Orange",8/4/2024,415,visa
416,Georgi,Couve,gcouvebj@deliciousdays.com,Male,416,Cream - 10%,2/27/2024,416,mastercard
417,Catherina,Atter,catterbk@livejournal.com,Female,417,Halibut - Steaks,2/4/2024,417,mastercard
418,Danica,Willmot,dwillmotbl@admin.ch,Female,418,Chocolate - Liqueur Cups With Foil,9/5/2024,418,bankcard
419,Theodoric,Tours,ttoursbm@washington.edu,Male,419,Snapple Raspberry Tea,3/12/2024,419,mastercard
420,Ailbert,Swindells,aswindellsbn@cornell.edu,Male,420,Peppercorns - Green,2/29/2024,420,americanexpress
421,Gram,Flockhart,gflockhartbo@purevolume.com,Male,421,Appetizer - Veg Assortment,10/12/2024,421,bankcard
422,Vitia,Hayller,vhayllerbp@businesswire.com,Female,422,Bagel - Whole White Sesame,6/6/2024,422,mastercard
423,Pierre,Meni,pmenibq@washington.edu,Male,423,Pheasants - Whole,4/8/2024,423,visa
424,Sonni,Pesak,spesakbr@unicef.org,Female,424,"Wine - White, Gewurtzraminer",4/7/2024,424,maestro
425,Nil,Mowling,nmowlingbs@marriott.com,Non-binary,425,"Gin - Gilbeys London, Dry",8/4/2024,425,visa
426,Germayne,Hallen,ghallenbt@columbia.edu,Male,426,Sobe - Berry Energy,3/29/2024,426,bankcard
427,Sibella,Dixcee,sdixceebu@google.fr,Female,427,Wine - Gewurztraminer Pierre,4/20/2024,427,mastercard
428,Lilah,Klosa,lklosabv@pinterest.com,Female,428,"Chicken - White Meat, No Tender",4/7/2024,428,bankcard
429,Debera,Phippen,dphippenbw@google.cn,Female,429,Schnappes Peppermint - Walker,1/18/2024,429,americanexpress
430,Claybourne,Rothman,crothmanbx@blog.com,Male,430,Cheese - Provolone,11/25/2023,430,americanexpress
431,Kynthia,Pether,kpetherby@alexa.com,Non-binary,431,Grapes - Green,6/22/2024,431,mastercard
432,Monique,Ealles,meallesbz@salon.com,Female,432,Potatoes - Pei 10 Oz,1/13/2024,432,bankcard
433,Kipp,Lomas,klomasc0@epa.gov,Male,433,Potato - Sweet,5/17/2024,433,mastercard
434,Vite,Eberle,veberlec1@yandex.ru,Male,434,Thermometer Digital,7/6/2024,434,maestro
435,Irwinn,Wickwar,iwickwarc2@moonfruit.com,Male,435,Ginger - Crystalized,7/31/2024,435,maestro
436,Moll,Beeke,mbeekec3@usnews.com,Female,436,Capicola - Hot,12/7/2023,436,mastercard
437,Horatio,Lorek,hlorekc4@hatena.ne.jp,Male,437,"Soup - Clam Chowder, Dry Mix",12/7/2023,437,mastercard
438,Efrem,Driffill,edriffillc5@parallels.com,Male,438,"Wine - Red, Marechal Foch",12/9/2023,438,visa
439,Tabbatha,Blakeway,tblakewayc6@japanpost.jp,Female,439,Corn Syrup,12/4/2023,439,mastercard
440,Alane,Albon,aalbonc7@goodreads.com,Female,440,Lobster - Canned Premium,12/20/2023,440,americanexpress
441,Gabriele,O'Shaughnessy,goshaughnessyc8@dagondesign.com,Male,441,Jicama,2/4/2024,441,maestro
442,Kikelia,Domnin,kdomninc9@hibu.com,Female,442,"Shrimp - Baby, Cold Water",6/15/2024,442,mastercard
443,Clareta,Degoy,cdegoyca@amazon.de,Female,443,Bread Base - Goodhearth,2/21/2024,443,mastercard
444,Jamil,Sharman,jsharmancb@pbs.org,Male,444,Aspic - Light,11/12/2024,444,mastercard
445,Gunther,Sabine,gsabinecc@cisco.com,Polygender,445,Table Cloth 72x144 White,6/5/2024,445,visa
446,Jordan,Mostin,jmostincd@netscape.com,Male,446,Tomatoes - Roma,10/4/2024,446,visa
447,Tana,Liddard,tliddardce@cyberchimps.com,Female,447,Coriander - Ground,6/13/2024,447,visa
448,Jose,Divill,jdivillcf@alibaba.com,Male,448,Ginger - Fresh,11/26/2023,448,americanexpress
449,Herold,Rafe,hrafecg@typepad.com,Male,449,Sole - Iqf,6/16/2024,449,maestro
450,Erl,Apps,eappsch@mac.com,Male,450,Wine - Penfolds Koonuga Hill,10/19/2024,450,americanexpress
451,Beret,Caig,bcaigci@ibm.com,Genderqueer,451,Soho Lychee Liqueur,10/10/2024,451,mastercard
452,Kamila,Summerill,ksummerillcj@china.com.cn,Female,452,"Pork - Tenderloin, Frozen",6/25/2024,452,visa
453,Wayne,Thorouggood,wthorouggoodck@ibm.com,Male,453,Table Cloth 53x69 White,9/13/2024,453,bankcard
454,Mab,Thurlborn,mthurlborncl@stanford.edu,Female,454,Scallops - Live In Shell,4/1/2024,454,bankcard
455,Cornelius,Budleigh,cbudleighcm@cocolog-nifty.com,Male,455,Icecream - Dstk Super Cone,12/13/2023,455,visa
456,Colan,Heinschke,cheinschkecn@soup.io,Male,456,Raspberries - Fresh,10/13/2024,456,americanexpress
457,Adelaide,Francello,afrancelloco@berkeley.edu,Female,457,Dates,6/23/2024,457,maestro
458,Frederigo,Senogles,fsenoglescp@about.com,Male,458,Wine - Clavet Saint Emilion,7/29/2024,458,americanexpress
459,Josee,Spurier,jspuriercq@trellian.com,Bigender,459,Energy Drink Bawls,11/12/2024,459,bankcard
460,Robert,Schulze,rschulzecr@nationalgeographic.com,Male,460,Pate - Cognac,12/28/2023,460,bankcard
461,Artie,Roch,arochcs@archive.org,Male,461,Wine - Spumante Bambino White,3/30/2024,461,mastercard
462,Gwenette,Cathel,gcathelct@ask.com,Genderqueer,462,"Pasta - Detalini, White, Fresh",6/19/2024,462,visa
463,Georgie,Jenner,gjennercu@google.cn,Male,463,Cape Capensis - Fillet,3/20/2024,463,bankcard
464,Rodrique,Halleybone,rhalleybonecv@craigslist.org,Male,464,Nantucket - Kiwi Berry Cktl.,4/17/2024,464,visa
465,Laverne,Pantry,lpantrycw@google.co.uk,Female,465,Energy Drink - Redbull 355ml,7/13/2024,465,bankcard
466,Lorene,Ayris,layriscx@prnewswire.com,Female,466,Vinegar - Balsamic,1/13/2024,466,bankcard
467,Hodge,Oxenford,hoxenfordcy@apple.com,Male,467,Sorrel - Fresh,3/12/2024,467,visa
468,Latrina,Erwin,lerwincz@myspace.com,Female,468,Sprouts - Corn,12/2/2023,468,mastercard
469,Moreen,Philot,mphilotd0@godaddy.com,Agender,469,Langers - Cranberry Cocktail,7/1/2024,469,mastercard
470,Dalenna,Aves,davesd1@deliciousdays.com,Female,470,Persimmons,5/11/2024,470,americanexpress
471,Angelica,Cobby,acobbyd2@desdev.cn,Female,471,Vinegar - Sherry,9/1/2024,471,maestro
472,Alia,Pittle,apittled3@mozilla.com,Female,472,Longan,8/12/2024,472,americanexpress
473,Sandye,Toulch,stoulchd4@privacy.gov.au,Female,473,Table Cloth 72x144 White,2/2/2024,473,mastercard
474,Jock,Kingwell,jkingwelld5@state.tx.us,Male,474,Bread Base - Goodhearth,9/18/2024,474,bankcard
475,Minnaminnie,Gilliard,mgilliardd6@senate.gov,Female,475,Muffin Carrot - Individual,4/12/2024,475,maestro
476,Sollie,Farady,sfaradyd7@elpais.com,Non-binary,476,Beer - Mill St Organic,12/30/2023,476,visa
477,Priscella,Teape,pteaped8@gizmodo.com,Female,477,"Sauce - Gravy, Au Jus, Mix",1/5/2024,477,visa
478,See,Hardwich,shardwichd9@bloglines.com,Male,478,Crab - Imitation Flakes,10/9/2024,478,visa
479,Katharine,Cherrett,kcherrettda@macromedia.com,Female,479,"Pasta - Penne, Lisce, Dry",9/25/2024,479,visa
480,Lucienne,Trytsman,ltrytsmandb@uol.com.br,Female,480,Monkfish - Fresh,2/16/2024,480,mastercard
481,Westleigh,Coning,wconingdc@tiny.cc,Male,481,Oven Mitts - 15 Inch,1/5/2024,481,visa
482,Sydelle,Dranfield,sdranfielddd@nationalgeographic.com,Female,482,Puree - Blackcurrant,2/20/2024,482,visa
483,Dell,Cullrford,dcullrfordde@ebay.com,Male,483,"Wine - Red, Marechal Foch",11/14/2024,483,mastercard
484,Tiertza,Thams,tthamsdf@cnbc.com,Female,484,Hummus - Spread,8/30/2024,484,bankcard
485,Astra,Ewington,aewingtondg@reverbnation.com,Female,485,Sobe - Berry Energy,9/22/2024,485,bankcard
486,Casi,Thorp,cthorpdh@si.edu,Female,486,Versatainer Nc - 888,10/18/2024,486,maestro
487,Adrea,Musselwhite,amusselwhitedi@narod.ru,Female,487,Lemon Balm - Fresh,6/3/2024,487,americanexpress
488,Iosep,O'Dogherty,iodoghertydj@uol.com.br,Male,488,Bread - Multigrain,7/17/2024,488,mastercard
489,Morie,Huxtable,mhuxtabledk@bloglovin.com,Male,489,Lamb Shoulder Boneless Nz,9/22/2024,489,visa
490,Ranice,Pittman,rpittmandl@edublogs.org,Female,490,Eggwhite Frozen,6/5/2024,490,visa
491,Godfry,Hanson,ghansondm@bloglovin.com,Male,491,Pork Loin Bine - In Frenched,2/4/2024,491,visa
492,Henrik,McGowing,hmcgowingdn@craigslist.org,Male,492,Creme De Menthe Green,4/2/2024,492,mastercard
493,Karlik,Skettles,kskettlesdo@utexas.edu,Male,493,Cake - Box Window 10x10x2.5,10/27/2024,493,visa
494,Julie,Jakovijevic,jjakovijevicdp@amazonaws.com,Male,494,Squash - Sunburst,4/8/2024,494,americanexpress
495,Wallie,King,wkingdq@ycombinator.com,Female,495,"Artichoke - Bottom, Canned",2/23/2024,495,maestro
496,Daisy,Founds,dfoundsdr@weather.com,Female,496,Tea - Herbal - 6 Asst,5/7/2024,496,maestro
497,Merle,Blakelock,mblakelockds@wufoo.com,Female,497,"Plate - Foam, Bread And Butter",6/7/2024,497,mastercard
498,Daven,Matic,dmaticdt@harvard.edu,Male,498,Anchovy Paste - 56 G Tube,9/2/2024,498,americanexpress
499,Stesha,Stadden,sstaddendu@ask.com,Female,499,Gatorade - Lemon Lime,6/30/2024,499,bankcard
500,Mariam,Bunner,mbunnerdv@microsoft.com,Female,500,"Soup - French Onion, Dry",1/20/2024,500,mastercard
